title,author,price,publisher,page_count,generes,ISBN
Attack on Titan: Volume 13,Hajime Isayama,43.28,Kodansha Comics,192,"Comics , Graphic Novels , Superheroes",9.78161E+12
Antiques Roadkill: A Trash 'n' Treasures Mystery,Barbara Allan,26.15,Kensington Publishing Corp.,288,"Fiction , Mystery , Detective , Cozy , General",9.78076E+12
The Art of Super Mario Odyssey,Nintendo,133.85,Dark Horse Comics,368,"Games , Activities , Video , Electronic",9.78151E+12
Getting Away Is Deadly: An Ellie Avery Mystery,Sara Rosett,26.15,Kensington Publishing Corp.,320,"Fiction , Fantasy , Epic",9.78162E+12
"The Painted Man (The Demon Cycle, Book 1)",Peter V. Brett,28.54,HarperCollins UK,544,"Fiction , Fantasy , Dark Fantasy",9.78001E+12
"A Feast for Crows (A Song of Ice and Fire, Book 4)",George R.R. Martin,29.29,HarperCollins UK,864,"Business , Economics , Motivational",9.78179E+12
God of War: The Official Novelization,J.M. Barlog,15.82,Titan Books,400,"Fiction , Media Tie-In",9.78125E+12
Edgedancer: From the Stormlight Archive,Brandon Sanderson,36.79,Tor Books,226,"Fiction , Fantasy , Epic",9.78006E+12
"Blood, Sweat, and Pixels: The Triumphant, Turbulent Stories Behind How Video Games Are Made",Jason Schreier,50.25,HarperCollins,304,"Games , Activities , Video , Electronic",9.78153E+12
Twas The Nightshift Before Christmas: Festive hospital diaries from the author of million-copy hit This is Going to Hurt,Adam Kay,41.82,Pan Macmillan,112,"Biography , Autobiography , Medical (incl. Patients)",9.78147E+12
Sword of Destiny: Witcher 2: Tales of the Witcher,Andrzej Sapkowski,43.28,Hachette UK,400,"Fiction , Fantasy , Dragons , Mythical Creatures",9.78163E+12
The Mysterious Affair at Styles (Poirot),Agatha Christie,19.28,HarperCollins UK,208,"Business , Economics , Motivational",9.7813E+12
Riley Paige Mystery Bundle: Once Gone (#1) and Once Taken (#2),Blake Pierce,14.96,Blake Pierce,250,"Fiction , Science Fiction , Action , Adventure",9.78143E+12
Deadpool Kills the Marvel Universe,Cullen Bunn,27.53,Marvel Entertainment,96,"Comics , Graphic Novels , Superheroes",9.78079E+12
The Red Signal: An Agatha Christie Short Story,Agatha Christie,7.5,HarperCollins UK,40,"Fiction , Mystery , Detective , General",9.78184E+12
Crossroads of Twilight: Book Ten of 'The Wheel of Time',Robert Jordan,33.42,Tor Fantasy,704,"Fiction , Fantasy , Epic",9.78033E+12
Ultimate Spider-Man Vol. 11: Carnage,Brian Michael Bendis,43.28,Marvel Entertainment,144,"Fiction , Classics",9.78141E+12
The Last Wife: An absolutely gripping and emotional page turner with a brilliant twist,Nicola Marsh,14.96,Bookouture,358,"Fiction , Women",9.7811E+12
The Hitchhiker's Guide to the Galaxy: 42nd Anniversary Edition,Douglas Adams,32.51,Pan Macmillan,245,"Juvenile Fiction , Humorous Stories",9.78045E+12
"Prince of Thorns (The Broken Empire, Book 1)",Mark Lawrence,24.94,HarperCollins UK,416,"Fiction , Classics",9.78031E+12
Influence: The Psychology of Persuasion,Robert B. Cialdini,56.14,Harper Collins,336,"Business , Economics , Motivational",9.78145E+12
Critical Role Vox Machina: Origins: Volume 1,Matthew Mercer,66.9,Dark Horse Comics,168,"Fiction , Mystery , Detective , Women Sleuths",9.7816E+12
Introducing Critical Theory: A Graphic Guide,Stuart Sim,23.4,Icon Books,176,"Social Science , General",9.7815E+12
Morning Star,Pierce Brown,62.1,Del Rey,544,"Fiction , Science Fiction , Action , Adventure",9.7814E+12
Tall Tales and Wee Stories: The Best of Billy Connolly,Billy Connolly,98.42,Hachette UK,336,General,9.78152E+12
After Anna,Alex Lake,20.51,HarperCollins UK,416,"Fiction , Mystery , Detective , General",9.78148E+12
How to Win Friends and Influence People,Dale Carnegie,55.47,Random House,304,"Business , Economics , Motivational",9.78185E+12
W is for Wasted: A Kinsey Millhone Novel,Sue Grafton,39.34,Penguin,448,"Fiction , Mystery , Detective , Women Sleuths",9.78142E+12
Salvaged,Madeleine Roux,47.78,Penguin,368,"Fiction , Science Fiction , Action , Adventure",9.78081E+12
The Art of Thinking Clearly,Rolf Dobelli,7.84,Harper Collins,384,General,9.78144E+12
The Daylight War: Book Three of The Demon Cycle,Peter V. Brett,35.4,Del Rey,656,"Fiction , Fantasy , Epic",9.78055E+12
The Ultimate Secrets of Total Self-Confidence,Robert Anthony,23.85,Penguin,240,General,9.78075E+12
Ready Player One,Ernest Cline,39.34,Broadway Books,384,General,9.78194E+12
A Forge of Valor (Kings and Sorcerers--Book 4),Morgan Rice,18.72,Morgan Rice,250,"Fiction , Fantasy , Epic",9.78049E+12
"Financial Statements, Revised and Expanded Edition: A Step-by-Step Guide to Understanding and Creating Financial Reports",Thomas Ittelson,78.73,Red Wheel/Weiser,288,"Business , Economics , Accounting , Financial",9.78803E+12
Death of a Bachelorette,Laura Levine,29.9,Kensington Books,304,General,9.78036E+12
Batman: The Man Who Laughs,Ed Brubaker,59.93,DC,146,General,9.78058E+12
Martha Stewart's Cookie Perfection: 100+ Recipes to Take Your Sweet Treats to the Next Level: A Baking Book,Editors of Martha Stewart Living,66.87,Clarkson Potter,256,"Cooking , Methods , Baking",9.78164E+12
You'll Never See Daylight Again,Michaella McCollum,42.16,Kings Road Publishing,476,General,9.78168E+12
The Raven,Edgar Allan Poe,40.8,Simon and Schuster,32,"Fiction , Literary",9.78374E+12
Little Girl Lost: A Lucy Black Thriller,Brian McGilloway,35.44,Harper Collins,336,"Fiction , Mystery , Detective , Women Sleuths",9.78037E+12
I Am Pilgrim: The bestselling Richard & Judy Book Club pick,Terry Hayes,49.92,Random House,704,"Fiction , Thrillers , Suspense",9.78074E+12
Civil War: Volume 1,Mark Millar,51.16,Marvel Entertainment,208,"Comics , Graphic Novels , Superheroes",9.78053E+12
The Neatest Little Guide to Stock Market Investing: Fifth Edition,Jason Kelly,62.1,Penguin,336,General,9.78068E+12
The Guardians: The explosive new thriller from international bestseller John Grisham,John Grisham,98.42,Hachette UK,384,"Fiction , Thrillers , Suspense",9.78807E+12
The Art Of Seduction,Robert Greene,74.99,Profile Books,272,"Self-Help , Personal Growth , General",9.78014E+12
Competitive Advantage: Creating and Sustaining Superior Performance,Michael E. Porter,78.72,Simon and Schuster,592,"Business , Economics , Industries , General",9.78178E+12
Marketing (The Brian Tracy Success Library),Brian Tracy,29.4,AMACOM,112,"Business , Economics , Marketing , General",9.78364E+12
Furies of Calderon,Jim Butcher,14.29,Penguin,672,General,9.78007E+12
The Fires of Heaven: Book Five of 'The Wheel of Time',Robert Jordan,33.42,Tor Books,704,"Fiction , Fantasy , Epic",9.78057E+12
Secrets of the Millionaire Mind: Mastering the Inner Game of Wealth,T. Harv Eker,3.9,Harper Collins,224,"Business , Economics , Motivational",9.78109E+12
"A Game of Thrones: The Story Continues Books 1-5: A Game of Thrones, A Clash of Kings, A Storm of Swords, A Feast for Crows, A Dance with Dragons (A Song of Ice and Fire)",George R.R. Martin,88.06,HarperCollins UK,4544,General,9.78077E+12
A Game of Thrones: A Song of Ice and Fire: Book One,George R. R. Martin,39.34,Bantam,720,"Fiction , Fantasy , Epic",9.78174E+12
Happy: Why More or Less Everything is Absolutely Fine,Derren Brown,55.47,Random House,576,"Self-Help , Personal Growth , General",9.78174E+12
The Memoirs of Sherlock Holmes,Arthur Conan Doyle,20.2,Simon and Schuster,320,"Fiction , Mystery , Detective , Private Investigators",9.78174E+12
Bring Me Back,B A Paris,30.71,HarperCollins UK,368,"Fiction , Thrillers , Crime",9.78174E+12
Good to Great: Why Some Companies Make the Leap...And Others Don't,Jim Collins,96.12,Harper Collins,320,"Business , Economics , Management",9.78174E+12
How to Understand Business Finance: Edition 2,Bob Cinnamon,46.85,Kogan Page Publishers,176,"Business , Economics , Corporate Finance , General",9.78175E+12
No Mercy: The brand new novel from the Queen of Crime,Martina Cole,98.42,Hachette UK,416,"Fiction , Crime",9.78175E+12
The Weight of Honor (Kings and Sorcerers--Book 3),Morgan Rice,18.72,Morgan Rice,250,"Fiction , Science Fiction , General",9.78175E+12
Batman: Year One,Frank Miller,59.03,DC,148,General,9.78175E+12
Final Option: 'The best one yet',Clive Cussler,93.75,Penguin UK,400,"Fiction , Crime",9.78175E+12
Heart and Brain: An Awkward Yeti Collection,The Awkward Yeti,33.14,Andrews McMeel Publishing,144,General,9.78175E+12
Thirty-Five and a Half Conspiracies: Rose Gardner Mystery #8,Denise Grover Swank,15.19,DGS,350,General,9.78175E+12
Rework,Jason Fried,71.63,Currency,288,"Business , Economics , Personal Success",9.78175E+12
Dark Nights: Metal: Deluxe Edition: Issues 1-6,Scott Snyder,118.11,DC Comics,216,General,9.78175E+12
"Shadowbred: The Twilight War, Book 1",Paul S. Kemp,27.53,Wizards of the Coast,352,"Fiction , Fantasy , Epic",9.78175E+12
Permanent Record,Edward Snowden,49.58,Metropolitan Books,352,General,9.78176E+12
The Marine's E-Mail Order Bride: Heroes of Chance Creek Volume 4,Cora Seton,15.72,One Acre Press,300,General,9.78176E+12
Now or Never: A Novel,Elizabeth Adler,31.46,Island Books,448,"Fiction , Mystery , Detective , Police Procedural",9.78176E+12
Battle Sight Zero,Gerald Seymour,94.48,Hachette UK,448,"Fiction , Thrillers , Suspense",9.78176E+12
Shattered Bonds,Faith Hunter,31.46,Penguin,400,"Fiction , Fantasy , Contemporary",9.78176E+12
"Rogue, Prisoner, Princess (Of Crowns and GloryBook 2)",Morgan Rice,14.96,Morgan Rice,250,General,9.78176E+12
Predictably Irrational: The Hidden Forces that Shape Our Decisions,Dan Ariely,29.21,HarperCollins UK,304,General,9.78176E+12
Death Masks,Jim Butcher,39.34,Penguin Group,464,General,9.78176E+12
"The Power of Focus: How to Hit Your Business, Personal and Financial Targets with Confidence and Certainty",Jack Canfield,72.16,Random House,368,"Business , Economics , Personal Finance , General",9.78176E+12
Think Like a Freak: The Authors of Freakonomics Offer to Retrain Your Brain,Steven D. Levitt,50.25,Harper Collins,304,General,9.78176E+12
The Choice of Magic,Michael G. Manning,11.78,Michael Manning,408,General,9.78177E+12
"The Complete Works of William Shakespeare: All 213 Plays, Poems, Sonnets, Apocryphal Plays + The Biography: The Life of William Shakespeare by Sidney Lee: Hamlet - Romeo and Juliet - King Lear - A Midsummer Night's Dream - Macbeth - The Tempest - Othello and many more",William Shakespeare,4.17,e-artnow,1424,"Drama , Shakespeare",9.78177E+12
Auberon,James S. A. Corey,11.78,Hachette UK,112,General,9.78177E+12
"Assassin's Apprentice (The Farseer Trilogy, Book 1)",Robin Hobb,26.51,HarperCollins UK,400,"Fiction , Fantasy , Dragons , Mythical Creatures",9.78177E+12
"Captain Marvel Vol. 1: Higher, Further, Faster, More",Kelly Sue Deconnick,70.85,Marvel Entertainment,136,"Comics , Graphic Novels , Superheroes",9.78177E+12
"The Name of the Wind: The Kingkiller Chronicle:, Book 1",Patrick Rothfuss,51.16,Hachette UK,672,"Fiction , Fantasy , Urban",9.78177E+12
Captivate: The Science of Succeeding with People,Vanessa Van Edwards,66.87,Penguin,288,"Self-Help , Communication , Social Skills",9.78177E+12
The Malady and Other Stories: An Andrzej Sapkowski Sampler,Andrzej Sapkowski,3.9,Hachette UK,96,General,9.78177E+12
Kings and Sorcerers Bundle (Books 2 and 3),Morgan Rice,33.72,Morgan Rice,500,General,9.78177E+12
"Eat That Frog!: 21 Great Ways to Stop Procrastinating and Get More Done in Less Time, Edition 3",Brian Tracy,62.82,Berrett-Koehler Publishers,144,General,9.78177E+12
Antiques Con,Barbara Allan,29.9,Kensington Books,288,"Fiction , Mystery , Detective , Amateur Sleuth",9.78178E+12
Maigret Goes to School,Georges Simenon,47.78,Penguin,176,"Fiction , Thrillers , Suspense",9.78178E+12
A Trace of Vice (a Keri Locke Mystery--Book #3),Blake Pierce,18.72,Blake Pierce,250,General,9.78178E+12
Antiques Chop,Barbara Allan,29.9,Kensington Books,240,"Fiction , Mystery , Detective , Private Investigators",9.78178E+12
"Goals!: How to Get Everything You Want -- Faster Than You Ever Thought Possible, Edition 2",Brian Tracy,86.45,Berrett-Koehler Publishers,288,General,9.78178E+12
Principles: Life and Work,Ray Dalio,59.03,Simon and Schuster,592,"Business , Economics , General",9.78178E+12
Ask A Footballer,James Milner,98.42,Hachette UK,320,"Sports , Recreation , Soccer",9.78178E+12
Young Justice Vol. 1,Art Baltazar,39.34,DC,164,"Comics , Graphic Novels , Superheroes",9.78178E+12
10 Ways to be less consumerist,James Fries,4.43,EDITORA BIBLIOMUNDI SERVIÃ‡OS DIGITAIS LTDA,15,General,9.78178E+12
'Salem's Lot,Stephen King,55.1,Hachette UK,300,"Fiction , Thrillers , Supernatural",9.78178E+12
Management (The Brian Tracy Success Library),Brian Tracy,38.44,AMACOM,112,General,9.78179E+12
Strawberry Shortcake Murder,Joanne Fluke,43.36,Kensington Books,304,General,9.78179E+12
Batman and Robin Vol. 1: Batman Reborn,Grant Morrison,59.03,DC,172,General,9.78179E+12
Killer Blonde,Laura Levine,73.67,Kensington Books,288,"Fiction , Mystery , Detective , Amateur Sleuth",9.78179E+12
The Black Box,Michael Connelly,43.28,Hachette UK,448,General,9.78179E+12
Legacy,Shannon Messenger,43.28,Simon and Schuster,816,"Juvenile Fiction , Fantasy , Magic",9.78179E+12
Gangster: A Novel,Lorenzo Carcaterra,31.46,Ballantine Books,384,"Fiction , Mystery , Detective , Hard-Boiled",9.78179E+12
On Tyranny: Twenty Lessons from the Twentieth Century,Timothy Snyder,33.38,Tim Duggan Books,128,"History , Modern , 20th Century",9.78179E+12
A Crown of Swords: Book Seven of 'The Wheel of Time',Robert Jordan,33.42,Macmillan,688,General,9.78179E+12
Antiques Knock-Off,Barbara Allan,73.67,Kensington Publishing Corp.,240,"Fiction , Mystery , Detective , Cozy , General",9.78179E+12
Thrawn (Star Wars),Timothy Zahn,39.34,Del Rey,448,"Fiction , Action , Adventure",9.7818E+12
The Joker,Brian Azzarello,78.73,DC,130,General,9.7818E+12
Platform: Get Noticed in a Noisy World,Michael Hyatt,73.92,HarperCollins Leadership,288,General,9.7818E+12
The Guardians: A Novel,John Grisham,71.63,Doubleday,384,"Fiction , Thrillers , Suspense",9.7818E+12
Shantaram,Gregory David Roberts,55.1,Hachette UK,944,General,9.7818E+12
The Burning White: Book Five of Lightbringer,Brent Weeks,98.42,Hachette UK,640,"Fiction , Fantasy , General",9.7818E+12
Dead Silent,Shirley Wells,8.85,Harlequin,355,General,9.7818E+12
Platform Revolution: How Networked Markets Are Transforming the Economyâ€”and How to Make Them Work for You,Geoffrey G. Parker,70.7,W. W. Norton & Company,256,"Business , Economics , New Business Enterprises",9.7818E+12
The Man in the High Castle,Philip K. Dick,55.17,Houghton Mifflin Harcourt,272,General,9.7818E+12
Total Control,David Baldacci,41.82,Pan Macmillan,624,"Fiction , Mystery , Detective , General",9.7818E+12
Shall We Tell the President?,Jeffrey Archer,41.82,Pan Macmillan,200,General,9.78181E+12
The Tower of the Swallow: Witcher 6,Andrzej Sapkowski,43.28,Hachette UK,400,General,9.78181E+12
Wrecking Ball (Diary of a Wimpy Kid Book 14),Jeff Kinney,53.11,Abrams,224,General,9.78181E+12
Watching (The Making of Riley PaigeBook 1),Blake Pierce,30,Blake Pierce,250,"Fiction , Mystery , Detective , General",9.78181E+12
15 Delicious Slow Cooker Recipes,Sallie Stone,10,BookRix,18,General,9.78181E+12
Dark Age,Pierce Brown,71.63,Del Rey,800,General,9.78181E+12
Marvel Universe Vs. The Punisher: Volume 1,Jonathan Maberry,27.53,Marvel Entertainment,112,General,9.78181E+12
It,Stephen King,19.65,Simon and Schuster,1168,"Fiction , Horror",9.78181E+12
War and Peace: With bonus material from Give War and Peace A Chance by Andrew D. Kaufman,Leo Tolstoy,20,Simon and Schuster,1400,"Fiction , General",9.78181E+12
Find Me: A Novel,Andre Aciman,46.88,"Farrar, Straus and Giroux",272,"Fiction , LGBT , Gay",9.78181E+12
Dark Matter: A Novel,Blake Crouch,28.61,Broadway Books,368,"Fiction , Thrillers , Suspense",9.78182E+12
Spider-Man: Anti-Venom,Dan Slott,19.65,Marvel Entertainment,96,General,9.78182E+12
Kingdom Of Strangers,Zoe Ferraris,39.34,Hachette UK,368,General,9.78182E+12
In Dark Company: A Kate Burkholder Short Story,Linda Castillo,6.64,Minotaur Books,60,General,9.78182E+12
The Infinite Game,Simon Sinek,71.63,Penguin,272,"Business , Economics , Motivational",9.78182E+12
Freakonomics Rev Ed: A Rogue Economist Explores the Hidden Side of Everything,Steven D. Levitt,88.69,Harper Collins,336,"Business , Economics , Economics , Theory",9.78182E+12
Kiss the Girls and Make Them Cry,Mary Higgins Clark,42.26,Simon and Schuster,400,General,9.78182E+12
"Awaken the Giant Within: How to Take Immediate Control of Your Mental, Emotional, Physical and Financial",Tony Robbins,55.09,Simon and Schuster,544,"Self-Help , Personal Growth , Success",9.78182E+12
The Eye of the World: Book One of 'The Wheel of Time',Robert Jordan,36.79,Tor Books,688,General,9.78182E+12
Selling 101: What Every Successful Sales Professional Needs to Know,Zig Ziglar,29.55,HarperCollins Leadership,112,General,9.78182E+12
Letting Go,David R. Hawkins,74.78,"Hay House, Inc",176,General,9.78183E+12
10 Ways to be annoying,James Fries,4.43,EDITORA BIBLIOMUNDI SERVIÃ‡OS DIGITAIS LTDA,17,General,9.78183E+12
Final Option,Clive Cussler,71.63,Penguin,400,"Fiction , Thrillers , Suspense",9.78183E+12
Rogues,George R. R. Martin,52.54,Bantam,832,General,9.78183E+12
The Power of Habit: Why We Do What We Do in Life and Business,Charles Duhigg,62.1,Random House,416,"Business , Economics , Organizational Behavior",9.78183E+12
The Mysterious Affair at Styles,Agatha Christie,8.7,HarperCollins UK,208,"Fiction , Thrillers , Military",9.78183E+12
Mighty Thor Vol. 2: Lords Of Midgard,Jason Aaron,66.91,Marvel Entertainment,160,"Comics , Graphic Novels , Superheroes",9.78183E+12
Mrs. Pollifax Unveiled,Dorothy Gilman,31.46,Ballantine Books,208,"Fiction , Mystery , Detective , Women Sleuths",9.78183E+12
Blue Moon: A Jack Reacher Novel,Lee Child,71.63,Dell,368,General,9.78183E+12
A Dance with Dragons: A Song of Ice and Fire: Book Five,George R. R. Martin,39.34,Bantam,1040,"Fiction , Action , Adventure",9.78183E+12
Home Work: A Memoir of My Hollywood Years,Julie Andrews,98.42,Hachette UK,352,General,9.78184E+12
Powerful Phrases for Dealing with Difficult People: Over 325 Ready-to-Use Words and Phrases for Working with Challenging Personalities,Renee Evenson,32.36,AMACOM,240,"Business , Economics , Conflict Resolution , Mediation",9.78184E+12
Green Lantern: Secret Origin,Geoff Johns,59.03,DC,194,General,9.78184E+12
And Then There Were General,Agatha Christie,32.1,HarperCollins UK,224,"Fiction , Classics",9.78184E+12
The Art of War (The Classic Lionel Giles Translation),Sun Tzu,4.17,e-artnow,80,"History , Military , General",9.78184E+12
Diabolical,Jana DeLeon,23.59,Jana DeLeon,360,General,9.78184E+12
Indistractable: How to Control Your Attention and Choose Your Life,Nir Eyal,69.24,Bloomsbury Publishing,400,General,9.78184E+12
The Secret,Rhonda Byrne,47.22,Simon and Schuster,216,"Self-Help , Personal Growth , Success",9.78184E+12
The Shadow Rising: Book Four of 'The Wheel of Time',Robert Jordan,33.42,Tor Books,704,"Fiction , Fantasy , Action , Adventure",9.78184E+12
Business Strategy (The Brian Tracy Success Library),Brian Tracy,38.33,AMACOM,112,General,9.78184E+12
Personal Success (The Brian Tracy Success Library),Brian Tracy,29.4,AMACOM,112,General,9.78185E+12
Getting Things Done: The Art of Stress-Free Productivity,David Allen,66.87,Penguin,352,"Self-Help , Self-Management , Time Management",9.78185E+12
Candide,Voltaire,11.78,Open Road Media,112,"Fiction , Literary",9.78185E+12
The Vagrant (The Vagrant Trilogy),Peter Newman,34.58,HarperCollins UK,416,"Fiction , Fantasy , Epic",9.78185E+12
"Mistborn Trilogy: The Final Empire, The Well of Ascension, The Hero of Ages",Brandon Sanderson,66.12,Tor Books,1712,"Fiction , Fantasy , Epic",9.78185E+12
Dork Diaries: Spectacular Superstar,Rachel Renee Russell,33.83,Simon and Schuster,368,"Juvenile Fiction , General",9.78185E+12
Batman vs. Superman: The Greatest Battles,Geoff Johns,39.34,DC,147,General,9.78185E+12
Immortal Hulk Vol. 1: Or Is He Both?,Al Ewing,35.41,Marvel Entertainment,128,"Comics , Graphic Novels , Superheroes",9.78185E+12
Her Royal Spyness,Rhys Bowen,31.46,Penguin,336,"Fiction , Mystery , Detective , Amateur Sleuth",9.78185E+12
Blood Runs Cold: A completely unputdownable mystery and suspense thriller,Dylan Young,11.21,Bookouture,350,"Fiction , Thrillers , Suspense",9.78185E+12
"The Lord of the Rings: The Fellowship of the Ring, The Two Towers, The Return of the King",J. R. R. Tolkien,81.87,HarperCollins UK,1216,"Fiction , Fairy Tales, Folk Tales, Legends , Mythology",9.78186E+12
The Walking Dead: Compendium 1,Robert Kirkman,157.49,"Image Comics, Inc.",28,General,9.78186E+12
"Mini Habits: Smaller Habits, Bigger Results",Stephen Guise,23.59,Selective Entertainment LLC,126,General,9.78186E+12
Why We Sleep: The New Science of Sleep and Dreams,Matthew Walker,46.85,Penguin UK,368,"Psychology , Neuropsychology",9.78186E+12
The Call of Cthulhu,H. P. Lovecraft,3.71,BookRix,49,"Fiction , Horror",9.78186E+12
Batman: Earth One,Geoff Johns,59.03,DC,146,General,9.78186E+12
Batman: Arkham Knight Vol. 3,Peter J. Tomasi,98.42,DC,200,General,9.78186E+12
The Essentials of Finance and Accounting for Nonfinancial Managers,Edward Fields,58.99,AMACOM,320,"Business , Economics , Budgeting",9.78186E+12
The Law of Success in Sixteen Lessons,Napoleon Hill,7.84,Simon and Schuster,547,General,9.78186E+12
Start Day Trading Now: A Quick and Easy Introduction to Making Money While Managing Your Risk,Michael Sincere,47.22,Simon and Schuster,224,General,9.78186E+12
Watchmen (2019 Edition),Alan Moore,98.42,DC Comics,448,General,9.78187E+12
You Are a Badass: How to Stop Doubting Your Greatness and Start Living an Awesome Life,Jen Sincero,51.16,Hachette UK,256,"Self-Help , General",9.78187E+12
The Queen of Nothing (The Folk of the Air #3),Holly Black,36.86,Bonnier Zaffre Ltd.,448,"Fiction , Fantasy , Dark Fantasy",9.78187E+12
Once Missed (A Riley Paige MysteryBook 16),Blake Pierce,31.47,Blake Pierce,250,"Fiction , Thrillers , Suspense",9.78187E+12
"Business Process Management: Concepts, Languages, Architectures, Edition 2",Mathias Weske,265.39,Springer Science & Business Media,404,"Computers , Electronic Commerce",9.78187E+12
HR from the Outside In: Six Competencies for the Future of Human Resources,David Ulrich,133.9,McGraw Hill Professional,272,"Business , Economics , Training",9.78187E+12
Boy Erased: A Memoir,Garrard Conley,23.85,Penguin,352,"Biography , Autobiography , Literary Figures",9.78187E+12
"Tintinalli's Emergency Medicine: A Comprehensive Study Guide, 9th edition: Edition 9",Judith E. Tintinalli,886.08,McGraw Hill Professional,2192,"Medical , Internal Medicine",9.78187E+12
Working With You is Killing Me: Freeing Yourself from Emotional Traps at Work,Katherine Crowley,78.76,Hachette UK,256,"Self-Help , Communication , Social Skills",9.78187E+12
Avengers Vol. 1: Avengers World,Jonathan Hickman,43.28,Marvel Entertainment,152,General,9.78187E+12
"The Girl in the Spider's Web: A Lisbeth Salander novel, continuing Stieg Larsson's Millennium Series",David Lagercrantz,39.34,Vintage Crime/Black Lizard,416,General,9.78188E+12
Spider-Verse: Volume 1,Dan Slott,118.11,Marvel Entertainment,624,"Comics , Graphic Novels , Superheroes",9.78188E+12
We Should All Be Feminists,Chimamanda Ngozi Adichie,23.85,Vintage,32,"Social Science , Gender Studies",9.78188E+12
Spider-Man: Kraven's Last Hunt,J. M. DeMatteis,43.28,Marvel Entertainment,168,"Comics , Graphic Novels , Superheroes",9.78188E+12
Venomized,Cullen Bunn,35.41,Marvel Entertainment,136,General,9.78188E+12
No One Is Too Small to Make a Difference,Greta Thunberg,38.18,Penguin,112,"Nature , Environmental Conservation , Protection",9.78188E+12
Find Me: A TOP TEN SUNDAY TIMES BESTSELLER,Andre Aciman,42.16,Faber & Faber,256,General,9.78188E+12
The Way Of Shadows: Book 1 of the Night Angel,Brent Weeks,43.28,Hachette UK,688,"Fiction , Fantasy , General",9.78188E+12
Batman Vol. 4: Zero Year-Secret City (The New 52),Scott Snyder,66.91,DC,180,General,9.78188E+12
Wedge's Gamble: Star Wars Legends (X-Wing),Michael A. Stackpole,31.46,Del Rey,368,"Fiction , Science Fiction , Action , Adventure",9.78188E+12
PSYCHOANALYSIS FOR BEGINNERS: A General Introduction to Psychoanalysis & Dream Psychology,Sigmund Freud,2.06,e-artnow,160,"Psychology , Movements , Psychoanalysis",9.78189E+12
Darksiders: The Abomination Vault: A Novel,Ari Marmell,57.3,Del Rey,368,"Fiction , Fairy Tales, Folk Tales, Legends , Mythology",9.78189E+12
The Secrets of Saving and Investing with Alvin Hall: Simple Strategies to Make Your Money Go Further,Alvin Hall,3.9,Hachette UK,30,"Business , Economics , Personal Finance , Budgeting",9.78189E+12
Forever Evil,Geoff Johns,98.42,DC,240,General,9.78189E+12
The Punisher Vol. 1: Black and White,Natahan Edmondson,70.85,Marvel Entertainment,136,"Comics , Graphic Novels , Superheroes",9.78189E+12
Homecoming (A Chloe Fine Psychological Suspense MysteryBook 5),Blake Pierce,22.47,Blake Pierce,250,General,9.78189E+12
Mega Man #1,Ian Flynn,11.78,Archie Comic Publications,25,"Juvenile Fiction , Humorous Stories",9.78189E+12
Marvel Universe: The End,Jim Starlin,43.28,Marvel Entertainment,168,General,9.78189E+12
Batman: Arkham Unhinged Vol. 1,Derek Fridolfs,59.03,DC,160,General,9.78189E+12
"How to Make Money in Stocks: A Winning System in Good Times and Bad, Fourth Edition: Edition 4",William J. O'Neil,86.64,McGraw Hill Professional,464,"Business , Economics , Public Finance",9.78189E+12
Night of the Bold (Kings and Sorcerers--Book 6),Morgan Rice,22.47,Morgan Rice,250,"Fiction , Fantasy , Epic",9.7819E+12
Eeny Meeny: DI Helen Grace 1,M. J. Arlidge,42.16,Penguin UK,464,"Fiction , Mystery , Detective , Women Sleuths",9.7819E+12
The Magic of Thinking Big,David J. Schwartz,66.87,Penguin,256,General,9.7819E+12
"Chronicle of the Unhewn Throne: (The Emperor's Blades, The Providence of Fire, The Last Mortal Bond)",Brian Staveley,129.51,Macmillan,1728,General,9.7819E+12
All-New Wolverine Vol. 1: The Four Sisters,Tom Taylor,70.85,Marvel Entertainment,136,General,9.7819E+12
A Trace of Crime (a Keri Locke Mystery--Book #4),Blake Pierce,18.72,Blake Pierce,250,"Fiction , Mystery & Detective , General",9.7819E+12
The Jump,Doug Johnstone,32.78,Faber & Faber,304,General,9.7819E+12
Becoming Steve Jobs: The Evolution of a Reckless Upstart into a Visionary Leader,Brent Schlender,70.88,Crown Business,464,General,9.7819E+12
One Small Step Can Change Your Life: The Kaizen Way,Robert Maurer,39.19,Workman Publishing,228,"Self-Help , Personal Growth , Success",9.7819E+12
Injustice: Gods Among Us Year One - The Complete Collection: Issues 1-12,Tom Taylor,98.42,DC,400,General,9.7819E+12
Leadership 101: What Every Leader Needs to Know,John C. Maxwell,32.48,HarperCollins Leadership,128,General,9.78191E+12
The Complete Art of War,Sun Tzu,7.84,Simon and Schuster,667,"Political Science , Political Ideologies , General",9.78191E+12
We,Yevgeny Zamyatin,7.13,Pan,226,"Fiction , Science Fiction , Action , Adventure",9.78191E+12
Sammy Keyes and the Art of Deception,Wendelin Van Draanen,43.28,Yearling,304,Juvenile Fiction,9.78191E+12
Bring Your Own Devices (BYOD) Survival Guide,Jessica Keyes,26.15,CRC Press,451,"Business , Economics",9.78191E+12
Enterprise 2.0,Jessica Keyes,133.85,CRC Press,425,"Business , Economics",9.78191E+12
The CIOs Guide to Oracle Products and Solutions,Jessica Keyes,26.15,CRC Press,288,"Business , Economics",9.78191E+12
Implementing the IT Balanced Scorecard,Jessica Keyes,28.54,CRC Press,528,Computers,9.78191E+12
Implementing the Project Management Balanced Scorecard,Jessica Keyes,29.29,CRC Press,447,"Business , Economics",9.78191E+12
Social Software Engineering,Jessica Keyes,15.82,CRC Press,481,Computers,9.78191E+12
Classes on Modern Poets and the Art of Poetry,"James Dickey, Donald J. Greiner",36.79,Univ of South Carolina Press,310,"Biography , Autobiography",9.78192E+12
Handbook of Applied Developmental Science,"Richard M. Lerner, Francine Jacobs, Donald Wertlieb",50.25,SAGE,2296,Psychology,9.78192E+12
A Study Guide for Daniel Keyess Flowers for Algernon,"Gale, Cengage Learning",41.82,"Gale, Cengage Learning ",15,Literary Criticism,9.78192E+12
Domain-based Parallelism and Problem Decomposition Methods in Computational Science and Engineering,"David E. Keyes, Yousef Saad, Donald G. Truhlar",43.28,SIAM,323,Mathematical optimization,9.78192E+12
Technology Trendlines,Jessica Keyes,19.28,"John Wiley , Sons",394,"Business , Economics",9.78192E+12
The Corporate Directory of US Public Companies 1995,Elizabeth Walsh,14.96,Springer,2664,"Business , Economics",9.78192E+12
"World War II: the Encyclopedia of the War Years, 1941-1945","Norman Polmar, Thomas B. Allen",27.53,Courier Corporation,940,History,9.78192E+12
American Predator,Maureen Callahan,7.5,Penguin,304,True Crime,9.78192E+12
"Business Organizations, Keyed to Soderquist",Casenotes,33.42,Aspen Publishers Online,208,"Business , Economics",9.78192E+12
Next-Generation Biofuels,William T. Coyle,43.28,DIANE Publishing,26,Alcohol as fuel,9.78192E+12
"Casenote Legal Briefs for Business Organizations, Keyed to Smiddy and Cunningham",Casenote Legal Briefs,14.96,"Wolters Kluwer Law , Business",252,Law,9.78193E+12
No Oath Sworn,Phil Geusz,32.51,Lulu.com,226,Fiction,9.78193E+12
Southern Writers,"Joseph M. Flora, Amber Vogel",24.94,LSU Press,504,Reference,9.78193E+12
Therapists Guide to Positive Psychological Interventions,Jeana L. Magyar-Moe,56.14,Academic Press,200,Psychology,9.78193E+12
A Handbook for the Study of Mental Health,"Teresa L. Scheid, Eric R. Wright",66.9,Cambridge University Press,736,Medical,9.78193E+12
Foundations of Professional Psychology,Timothy P Melchert,23.4,Elsevier,262,Psychology,9.78193E+12
Brain Mystery Light and Dark,Charles Don Keyes,62.1,Routledge,184,Philosophy,9.78193E+12
The Courage to Write,Ralph Keyes,98.42,Holt Paperbacks,240,"Language Arts , Disciplines",9.78193E+12
Epidemiology Matters,"Katherine M. Keyes, Sandro Galea",20.51,Oxford University Press,304,Medical,9.78193E+12
Data Modeling Essentials,"Graeme Simsion, Graham Witt",55.47,Elsevier,560,Computers,9.78193E+12
CliffsNotes on Keyes Flowers For Algernon,Janet Clark,39.34,Houghton Mifflin Harcourt,66,Literary Criticism,9.78194E+12
The Infernal City: An Elder Scrolls Novel,Greg Keyes,47.78,Del Rey,304,Fiction,9.78194E+12
Sushi for Beginners,Marian Keyes,7.84,Harper Collins,448,Fiction,9.78194E+12
Angels,Marian Keyes,35.4,Harper Collins,448,Fiction,9.78194E+12
Science Fiction and Fantasy Literature,"R. Reginald, Douglas Menville, Mary A. Burgess",23.85,Wildside Press LLC,800,Reference,9.78194E+12
Independence Day: Crucible,Greg Keyes,39.34,Titan Books,384,Fiction,9.78194E+12
The Mammoth Encyclopedia of Science Fiction,George Mann,18.72,Hachette UK,160,Fiction,9.78194E+12
The Mystery of Mercy Close,Marian Keyes,78.73,Penguin,400,Fiction,9.78194E+12
The New Orleans of Fiction,James A. Kaser,29.9,Scarecrow Press,426,Literary Criticism,9.78194E+12
Lord of Souls,J. Gregory Keyes,59.03,Ballantine Books,316,Fiction,9.78194E+12
The Routledge Handbook of Stylistics,Michael Burke,66.87,Routledge,530,"Language Arts , Disciplines",9.78195E+12
The Liberation Trilogy Box Set,Rick Atkinson,42.16,Henry Holt and Company,2416,History,9.78195E+12
Legacy Discovered,Kerry Reis,22,Author House,188,Fiction,9.78195E+12
An Unpredictable Gospel,Jay Riley Case,35.44,Oxford University Press,328,Religion,9.78195E+12
Masterplots II.,Charles Edward May,49.92,Salem Pr Inc,645,Study Aids,9.78195E+12
"The Encyclopedia of Superheroes on Film and Television, 2d ed.",John Kenneth Muir,51.16,McFarland,704,Performing Arts,9.78195E+12
Sammy Keyes and the Kiss Goodbye,Wendelin Van Draanen,62.1,Knopf Books for Young Readers,240,Juvenile Fiction,9.78195E+12
Sammy Keyes and the Psycho Kitty Queen,Wendelin Van Draanen,98.42,Yearling,320,Juvenile Fiction,9.78195E+12
Sammy Keyes and the Search for Snake Eyes,Wendelin Van Draanen,74.99,Yearling,320,Juvenile Fiction,9.78195E+12
Chicano School Failure and Success,Richard R. Valencia,78.72,Psychology Press,383,Education,9.78195E+12
The Politics of Hispanic Education,"Kenneth J. Meier, Joseph Stewart",29.4,SUNY Press,275,Education,9.78196E+12
Linguistic Diversity and National Unity,William A. Smalley,14.29,University of Chicago Press,436,Foreign Language Study,9.78196E+12
Synergic Integration of Formal and Informal E-Learning Environments for Adult Lifelong Learners,"Leone, Sabrina",33.42,IGI Global,337,Education,9.78196E+12
"Race and Education, 1954-2007",Raymond Wolters,3.9,University of Missouri Press,313,Education,9.78196E+12
Education and the Cult of Efficiency,Raymond E. Callahan,88.06,University of Chicago Press,286,Education,9.78196E+12
Kill Rommel!,Gavin Mortimer,39.34,Bloomsbury Publishing,80,History,9.78196E+12
Murder in Hollywood,Charles Higham,55.47,Terrace Books,227,"Biography , Autobiography",9.78196E+12
Brunswick,Sharon Martin Zankel,30,Arcadia Publishing,128,History,9.78196E+12
Downstage Dead,Bruce Barber,30.71,Pasdeloup Press,203,Actors,9.78196E+12
School as Community,Gail Furman,96.12,SUNY Press,315,Education,9.78196E+12
Euphemania,Ralph Keyes,46.85,Hachette UK,288,"Language Arts , Disciplines",9.78197E+12
Complex Justice,Joshua M. Dunn,98.42,UNC Press Books,240,Political Science,9.78197E+12
"Five Miles Away, A World Apart",James E. Ryan,18.72,Oxford University Press,400,Education,9.78197E+12
Learning Disabilities,"William M. Cruickshank, William C. Morse, Jeannie Johns",59.03,Syracuse University Press,296,Education,9.78197E+12
America in Black and White,"Stephan Thernstrom, Abigail Thernstrom",93.75,Simon and Schuster,704,Social Science,9.78197E+12
Fifth International Symposium on Domain Decomposition Methods for Partial Differential Equations,David E. Keyes,33.14,SIAM,623,Mathematics,9.78197E+12
A University of Tradition,Purdue Reamer Club,15.19,Purdue University Press,256,Education,9.78197E+12
Biology of the Uterus,"W. Jollie, R.M. Wynn",71.63,"Springer Science , Business Media",644,Medical,9.78197E+12
Prophets of Agroforestry,Richard K. Reed,118.11,University of Texas Press,271,History,9.78197E+12
Biology and Pathology of the Oocyte,"Alan O. Trounson, Roger G. Gosden",27.53,Cambridge University Press,350,Medical,9.78197E+12
Human Biology,"Sara Stinson, Barry Bogin, ""Dennis H. ORourke""",49.58,"John Wiley , Sons",780,Social Science,9.78198E+12
The Anatomy of Hope,Jerome Groopman,15.72,Random House,272,"Health , Fitness",9.78198E+12
Bioethical and Evolutionary Approaches to Medicine and the Law,W. Noel Keyes,31.46,American Bar Association,1174,Medical,9.78198E+12
The Azusa Street Mission and Revival,Cecil M. Robeck,94.48,Thomas Nelson,354,History,9.78198E+12
"Sport, the Third Millennium","Fernand Landry, Marc Landry, Magdeleine YerlÃ¨s, International Olympic Committee",31.46,Presses UniversitÃ© Laval,809,Mass media and sports,9.78198E+12
"Casenote Legal Briefs for Sports Law, Keyed to Weiler, Roberts, Abrams, and Ross",Casenote Legal Briefs,14.96,"Wolters Kluwer Law , Business",180,Law,9.78198E+12
"Women, Sport, and Physical Activity",Helen Lenskyj,29.21,Sport Info Resource Centre,46,Feminist criticism,9.78198E+12
A Concise history of sport in Canada,Don Morrow,39.34,"Oxford University Press, USA",393,History,9.78198E+12
Biography and Genealogy Master Index 2003,Kathy Nemeh,72.16,Gale / Cengage Learning,932,Reference,9.78198E+12
Sams Teach Yourself Perl in 21 Days,"Laura Lemay, Rafe Colburn, Richard Colburn",50.25,Sams Publishing,676,Computers,9.78198E+12
"Casenote Legal Briefs for Taxation, Keyed to Freeland, Lathrope, and Stephens",Casenote Legal Briefs,11.78,"Wolters Kluwer Law , Business",156,Law,9.78199E+12
The Mystery of Sex,Elizabeth Keyes,4.17,Gentle Living Publications,115,Love,9.78199E+12
Delirium,Nancy L. Cohen,11.78,Catapult,415,Political Science,9.78199E+12
The International Encyclopedia of Sexuality: Spain to the United States,Robert T. Francoeur,26.51,"Burns , Oates",1737,Psychology,9.78199E+12
"Family Law, Keyed to Ellman, Kurtz, , Barlett",Casenotes,70.85,Aspen Publishers Online,128,Law,9.78199E+12
"Casenote Legal Briefs for Property Keyed to Dukeminier, Krier, Alexander, Schill, Strahilevitz",Casenote Legal Briefs,51.16,"Wolters Kluwer Law , Business",138,Law,9.78199E+12
"Family Law, Keyed to Krause, Elrod, Garrison , Oldham",Casenotes,66.87,Aspen Publishers Online,208,Law,9.78199E+12
"Family Law, Keyed to Weisberg and Appletons","Casenotes, Casenote Legal Briefs",3.9,Aspen Publishers Online,204,Law,9.78199E+12
Adult Development and Aging,"John C. Cavanaugh, Fredda Blanchard-Fields",33.72,Cengage Learning,625,Psychology,9.78199E+12
Saved by Cake,Marian Keyes,62.82,Penguin,240,Cooking,9.78199E+12
Science and the Riddle of Consciousness,Jeffrey Foss,29.9,"Springer Science , Business Media",225,Computers,9.782E+12
"Environmental Law, Keyed to Plater, Abrams, Goldfarb, Graham, Heinzerling , Wirth",Casenotes,47.78,Aspen Publishers Online,115,Law,9.782E+12
Handbook of Midlife Development,Margie E. Lachman,18.72,"John Wiley , Sons",672,Psychology,9.782E+12
Textbook of Operative Dentistry,"Nisha Garg, Amit Garg",29.9,"Boydell , Brewer Ltd",520,Medical,9.782E+12
Parasitic Orobanchaceae,"Daniel M. Joel, Jonathan Gressel, Lytton J. Musselman",86.45,"Springer Science , Business Media",513,Science,9.782E+12
Strategies and Saints,Langley Carleton Keyes,59.03,The Urban Insitute,243,Social Science,9.782E+12
"The Handbook of Life-Span Development, Volume 1","Richard M. Lerner, Willis F. Overton",98.42,"John Wiley , Sons",1040,Psychology,9.782E+12
"Oxford English-Arabic Dictionary, Al-Muhit, 1996",Dr. Mohamad Badawi,39.34,Bukupedia ,1249,Reference,9.782E+12
"Al-Muhit-English-Arabic Oxford Study Dictionary, Dr. Mohamad Badawi, 1996",Academia Internatinal Publication,4.43,Bukupedia ,1249,Reference,9.782E+12
"English-Arabic Oxford-Duden Pictorial Dictionary, 2003",Oxford University Press,55.1,Bukupedia ,490,Reference,9.782E+12
Get Rommel,Michael Asher,38.44,Hachette UK,320,History,9.78201E+12
Mastering Arabic 1,"Jane Wightwick, Mahmoud Gaafar",43.36,Macmillan International Higher Education,384,Foreign Language Study,9.78201E+12
Arabic Musical Scales,Cameron Powers,59.03,cameron powers,56,Music,9.78201E+12
Advanced standard Arabic through authentic texts and audiovisual materials: Audiovisual materials,Raji M. Rammuny,73.67,University of Michigan Press,128,Foreign Language Study,9.78201E+12
Advances in Chemical Physics,"Ilya Prigogine, Stuart A. Rice",43.28,"John Wiley , Sons",586,Science,9.78201E+12
Advances in Imaging and Electron Physics,Peter W. Hawkes,43.28,Elsevier,352,"Technology , Engineering",9.78201E+12
The physics of VLSI systems,Robert W. Keyes,31.46,Addison Wesley Publishing Company,243,Computers,9.78201E+12
The Complete Guide to Blender Graphics,John M. Blain,33.38,CRC Press,522,Computers,9.78201E+12
"The world of learning, 2001",51st Ed,33.42,Routledge,2192,Education,9.78201E+12
Biographical Memoirs,"National Academy of Sciences, Office of the Home Secretary",73.67,National Academies Press,388,"Biography , Autobiography",9.78201E+12
"Organic Chemistry, Volume One",Frank C. Whitmore,39.34,Courier Corporation,608,Science,9.78202E+12
Imperfect Chemistry,Mary Frame,78.73,Mary Frame,198,Fiction,9.78202E+12
Academic Press Dictionary of Science and Technology,"Christopher G. Morris, Academic Press",73.92,Gulf Professional Publishing,2432,Computers,9.78202E+12
The Quality Management Sourcebook,"Christine Avery, Diane Zabel",71.63,Routledge,336,"Business , Economics",9.78202E+12
Software Engineering Handbook,Jessica Keyes,55.1,CRC Press,896,Computers,9.78202E+12
Handbook of Social Indicators and Quality of Life Research,"Kenneth C. Land, Alex C. Michalos, M. Joseph Sirgy",98.42,"Springer Science , Business Media",593,Social Science,9.78202E+12
The Woman Who Stole My Life,Marian Keyes,8.85,Penguin UK,560,Fiction,9.78202E+12
Stevie Wonders Songs in the Key of Life,Zeth Lundy,70.7,Bloomsbury Publishing USA,160,Music,9.78202E+12
Growing Through Lifes Challenges,"James Reapsome, Martha Reapsome",55.17,Shaw Books,112,Religion,9.78202E+12
"Handbook of Adolescent Psychology, Individual Bases of Adolescent Development","Richard M. Lerner, Laurence Steinberg, PhD",41.82,"John Wiley , Sons",823,Psychology,9.78202E+12
The Post-Truth Era,Ralph Keyes,41.82,St. Martins Press,320,Social Science,9.78203E+12
Data Science on the Google Cloud Platform,Valliappa Lakshmanan,43.28,"""OReilly Media, Inc.""",404,Computers,9.78203E+12
The Oxford Handbook of Research Strategies for Clinical Psychology,"Jonathan S. Comer, Philip C. Kendall",53.11,Oxford University Press,476,Psychology,9.78203E+12
Data Science and Knowledge Engineering for Sensing Decision Support,"Jun Liu, Jie Lu, Yang Xu, Luis Martinez, Etienne E Kerre",29.8,World Scientific,1624,Computers,9.78203E+12
Business data processing,Elias M. Awad,24.7,Prentice Hall,722,Computers,9.78203E+12
Cryptographic Hardware and Embedded Systems â€?CHES 2008,Elisabeth Oswald,71.63,"Springer Science , Business Media",442,Computers,9.78203E+12
The Biblical Basis for Modern Science,Dr. Henry M. Morris,27.53,New Leaf Publishing Group,478,Religion,9.78203E+12
Carpentry and joinery,Pearson Education,19.65,Heinemann,424,Carpentry,9.78203E+12
"Retail Crime, Security, and Loss Prevention","Charles A. Sennewald, John H. Christman",25.7,Elsevier,704,Social Science,9.78203E+12
Selected Areas in Cryptography -- SAC 2013,"Tanja Lange, Kristin Lauter, Petr LisonÄ›k",46.88,Springer,590,Computers,9.78203E+12
Modern Concepts of Security,James Ohwofasa Akpeninor,28.61,AuthorHouse,344,Philosophy,9.78204E+12
"Emanuel Law Outlines for Civil Procedure, Keyed to Yeazell",John T. Cross,19.65,"Wolters Kluwer Law , Business",400,Law,9.78204E+12
Civil Procedure,"Casenotes, Casenote Legal Briefs",39.34,Aspen Publishers Online,228,Law,9.78204E+12
"Casenote Legal Briefs for Civil Procedure, Keyed to Friedenthal, Miller, Sexton, and Hershkoff",Casenote Legal Briefs,6.64,Aspen Publishers,240,Law,9.78204E+12
"Casenote Legal Briefs for Civil Procedure Keyed to Hazard, Tait, Fletcher and Bundy",Casenote Legal Briefs,71.63,"Wolters Kluwer Law , Business",144,Law,9.78204E+12
"Casenote Legal Briefs for Civil Procedure Keyed to Subrin, Minow, Brodin, Main, and Lahav",Casenote Legal Briefs,88.69,"Wolters Kluwer Law , Business",170,Law,9.78204E+12
"Casenote Legal Briefs for Civil Procedure, Keyed to Yeazell and Schwartz",Casenote Legal Briefs,42.26,Aspen Publishers,168,Law,9.78204E+12
"Proceedings of the Second International Conference on Computing in Civil Engineering, 5-9 June 1985, Hangzhou, China",Zhao,55.09,Elsevier Science Limited,1237,"Technology , Engineering",9.78204E+12
Rap Music and Street Consciousness,Cheryl Lynette Keyes,36.79,University of Illinois Press,302,Music,9.78204E+12
Thats the Joint!,"Murray Forman, Mark Anthony Neal",29.55,Psychology Press,628,Music,9.78204E+12
Tales From Boilermaker Country: A Collection of the Greatest Stories Ever Told,Doug Griffiths,74.78,Simon and Schuster,999,Music,9.78205E+12
War Football,Chris Serb,4.43,"Rowman , Littlefield",296,"Sports , Recreation",9.78205E+12
African Americans in Sports,David K. Wiggins,71.63,Routledge,488,History,9.78205E+12
Footballs Most Wanted,Floyd Conner,52.54,"Potomac Books, Inc.",300,"Sports , Recreation",9.78205E+12
The USA TODAY College Football Encyclopedia 2008-2009,"Bob Boyles, Paul Guido",62.1,Skyhorse Publishing Inc.,1335,"Biography , Autobiography",9.78205E+12
ESPN college football encyclopedia,"Michael MacCambridge, ESPN (Television network)",8.7,ESPN Books,1629,Reference,9.78205E+12
"Casenote Legal Briefs for Torts, Keyed to Goldberg Sebok and Ziprusky",Casenote Legal Briefs,66.91,"Wolters Kluwer Law , Business",189,Law,9.78205E+12
"Casenote Legal Briefs for Contracts, Keyed to Calamari, Periilo, Bender, and Brown",Casenote Legal Briefs,31.46,"Wolters Kluwer Law , Business",144,Law,9.78205E+12
Contracts,Aspen Publishers,71.63,Aspen Publishers Online,275,Law,9.78205E+12
Best books on the stock market,Sheldon Zerden,39.34,R. R. Bowker,168,"Business , Economics",9.78205E+12
Cracks in My Foundation,Marian Keyes,98.42,Harper Collins,368,Fiction,9.78206E+12
Corporate Giving Directory,Verne Thompson,32.36,Information Today Incorporated,1500,"Business , Economics",9.78206E+12
Text Processing in Python,David Mertz,59.03,Addison-Wesley Professional,520,Computers,9.78206E+12
Python in a Nutshell,Alex Martelli,32.1,"""OReilly Media, Inc.""",738,Computers,9.78206E+12
Programming Python,Mark Lutz,4.17,"""OReilly Media, Inc.""",1632,Computers,9.78206E+12
Mastering Python for Networking and Security,JosÃ© Manuel Ortega,23.59,Packt Publishing Ltd,426,Computers,9.78206E+12
SAS Viya,"Kevin D. Smith, Xiangxiang Meng",69.24,SAS Institute,306,Computers,9.78206E+12
Python Essential Reference,David Beazley,47.22,Addison-Wesley Professional,744,Computers,9.78206E+12
Python Programming for Arduino,Pratik Desai,33.42,Packt Publishing Ltd,400,Computers,9.78206E+12
Effective Python,Brett Slatkin,38.33,Addison-Wesley Professional,256,Computers,9.78206E+12
Programming with Python,Tim Altom,29.4,Premier Press,372,Computers,9.78207E+12
"Game Programming with Python, Lua, and Ruby",Tom Gutschmidt,66.87,Course Technology,437,Computers,9.78207E+12
Python Web Scraping Cookbook,Michael Heydt,11.78,Packt Publishing Ltd,364,Computers,9.78207E+12
Topics in Cryptology â€?CT-RSA 2018,Nigel P. Smart,34.58,Springer,514,Computers,9.78207E+12
Python All-in-One For Dummies,"John Shovic, Alan Simpson",66.12,"John Wiley , Sons",704,Computers,9.78207E+12
"Understanding the Interactive Digital Media Marketplace: Frameworks, Platforms, Communities and Issues","Sharma, Ravi S.",33.83,IGI Global,427,Computers,9.78207E+12
Programming Amazon Web Services,James Murty,39.34,"""OReilly Media, Inc.""",604,Computers,9.78207E+12
Structured Programming with COBOL Examples,Earl H. Parsons,35.41,iUniverse,196,Computers,9.78207E+12
Concurrent Programming on Windows,Joe Duffy,31.46,Pearson Education,1008,Computers,9.78207E+12
Modula-2 Programming,B. J. Holmes,11.21,Cengage Learning EMEA,456,Computers,9.78207E+12
Dictionary of Acronyms and Technical Abbreviations,J. Vlietstra,81.87,"Springer Science , Business Media",696,Computers,9.78208E+12
Consumer Handbook of Solar Energy for the United States and Canada,John H. Keyes,157.49,"Dobbs Ferry, N.Y. : Morgan , Morgan",273,Solar energy,9.78208E+12
Solar Energy in Developing Countries,A. Eggers-Lura,23.59,Pergamon,205,Developing countries,9.78208E+12
The Nature of Symbiotic Stars,"M. Friedjung, Roberto Viotti",46.85,"Springer Science , Business Media",329,Science,9.78208E+12
A Life of Barbara Stanwyck,Victoria Wilson,3.71,Simon and Schuster,1056,"Biography , Autobiography",9.78208E+12
From the Dreadnought to Scapa Flow,Arthur J Marder,59.03,Seaforth Publishing,425,History,9.78208E+12
Leonard Maltins movie encyclopedia,"Leonard Maltin, Spencer Green, Luke Sader",98.42,E P Dutton,976,"Biography , Autobiography",9.78208E+12
Sammy Keyes and the Sisters of Mercy,Wendelin Van Draanen,58.99,Yearling,240,Juvenile Fiction,9.78208E+12
Sammy Keyes and the Wedding Crasher,Wendelin Van Draanen,7.84,Knopf Books for Young Readers,304,Juvenile Fiction,9.78208E+12
Smart Phone and Next Generation Mobile Computing,"Pei Zheng, Lionel Ni",47.22,Elsevier,350,Computers,9.78208E+12
Smartphones,"Mohammad Ilyas, Syed A. Ahson",98.42,Intl. Engineering Consortiu,249,"Technology , Engineering",9.78209E+12
Casenote Legal Briefs for Criminal Procedure Keyed to Dressler and Thomas,Casenote Legal Briefs,51.16,"Wolters Kluwer Law , Business",228,Law,9.78209E+12
"Casenote Legal Briefs for Contracts, Keyed to Knapp, Crystal, and Prince",Casenote Legal Briefs,36.86,"Wolters Kluwer Law , Business",204,Law,9.78209E+12
Politics in Pacific Asia,"X. Huang, Jason Young",31.47,Palgrave,328,Political Science,9.78209E+12
"Music, Education, and Religion","Alexis Anja Kallio, Philip Alperson, Heidi Westerlund",265.39,Indiana University Press,344,Music,9.78209E+12
Religious Commodifications in Asia,Pattana Kitiarsa,133.9,Routledge,288,Religion,9.78209E+12
The Riddle of Barack Obama,Avner Falk,23.85,ABC-CLIO,335,"Biography , Autobiography",9.78209E+12
Asian Visions of Authority,Joint Committee on Southeast Asia,886.08,University of Hawaii Press,366,Religion,9.78209E+12
Readings in philosophy of religion,Andrew Eshleman,78.76,Wiley-Blackwell,512,Philosophy,9.78209E+12
Blasphemy,Alan Dershowitz,43.28,"John Wiley , Sons",195,Political Science,9.78209E+12
Whose God Rules?,"N. Walker, E. Greenlee",39.34,Springer,263,Social Science,9.7821E+12
Atheism And The Case Against Christ,Matthew S. Mccormick,118.11,Prometheus Books,332,Religion,9.7821E+12
America Declares Independence,Alan Dershowitz,23.85,"John Wiley , Sons Incorporated",196,History,9.7821E+12
The Bloody Man,Bevan Amberhill,43.28,"Stratford, Ont. : Mercury Press",216,Fiction,9.7821E+12
Devonshire Scream,Laura Childs,35.41,Penguin,320,Fiction,9.7821E+12
Gaywyck,Vincent Virga,38.18,Alyson Publications,385,Fiction,9.7821E+12
"Food in the Movies, 2d ed.",Steve Zimmerman,42.16,McFarland,483,Performing Arts,9.7821E+12
Sammy Keyes and the Hotel Thief,Wendelin Van Draanen,43.28,Yearling,192,Juvenile Fiction,9.7821E+12
Child Psychopathology,Jeffrey Haugaard,66.91,McGraw-Hill Humanities/Social Sciences/Languages,792,Psychology,9.7821E+12
Directory of Historic House Museums in the United States,"Patricia Chambers Walker, Thomas Graham",31.46,"Rowman , Littlefield",488,History,9.7821E+12
American Furniture in the Metropolitan Museum of Art,"Frances Gruber Safford, Metropolitan Museum of Art (New York, N.Y.)",2.06,Metropolitan Museum of Art,451,Furniture,9.78211E+12
Catalog of Copyright Entries. Third Series,Library of Congress. Copyright Office,57.3,"Copyright Office, Library of Congress",2054,Copyright,9.78211E+12
The Jamestown Furniture Industry,Clarence Carlson,3.9,Arcadia Publishing,192,History,9.78211E+12
New Orleans. Ediz. inglese,Rosanna Cirigliano,98.42,Bonechi,60,Travel,9.78211E+12
Advances in Information Security and Assurance,"James (Jong Hyuk) Park, Hsiao-Hwa Chen, Mohammed Atiquzzaman, Changhoon Lee, Sang-Soo Yeo",70.85,Springer,841,Computers,9.78211E+12
The Complete Guide to Physical Security,"Paul R. Baker, Daniel J. Benny",22.47,CRC Press,360,"Business , Economics",9.78211E+12
The Official (ISC)2 Guide to the SSCP CBK,"Adam Gordon, Steven Hernandez",11.78,"John Wiley , Sons",928,Computers,9.78211E+12
NET Security and Cryptography,"Peter Thorsteinson, G. Gnana Arun Ganesh",43.28,Prentice Hall Professional,466,Computers,9.78211E+12
Maximum Windows 2000 Security,"Anonymous, Mark Burnett, Chris Amaris, Chris Doyle, L. J. Locher, Rand Morimoto",59.03,Sams Publishing,596,Computers,9.78211E+12
Information Security and Cryptology - ICISC 2011,Howon Kim,86.64,Springer,512,Computers,9.78211E+12
Engineering Information Security,Stuart Jacobs,22.47,"John Wiley , Sons",728,"Technology , Engineering",9.78212E+12
"The Complete Book of Home, Site and Office Security",Bill Phillips,42.16,McGraw Hill Professional,309,Architecture,9.78212E+12
High-Rise Security and Fire Life Safety,Geoff Craighead,66.87,Elsevier,548,"Business , Economics",9.78212E+12
Analyzing the Hospital Life Safety Survey,Brad Keyes,129.51,"HC Pro, Inc.",201,Medical,9.78212E+12
Halo: The Cole Protocol,"Eric Nylund, Tobias S. Buckell",70.85,Pan Macmillan,352,Fiction,9.78212E+12
Role Development in Professional Nursing Practice,Kathleen Masters,18.72,"Jones , Bartlett Publishers",450,Medical,9.78212E+12
A Question of Identity,Susan Hill,32.78,Random House,368,Fiction,9.78212E+12
"Business Law, Principles and Practices","Arnold J. Goldman, William D. Sigismond",70.88,Houghton Mifflin School,598,Business law,9.78212E+12
Chameleon Christianity,Dick Keyes,39.19,Destinee S.A.,98,Religion,9.78212E+12
Stolen Away,Michael Newton,98.42,Simon and Schuster,402,True Crime,9.78212E+12
"Billy Wilder, Movie-Maker",Karen McNally,32.48,McFarland,254,Performing Arts,9.78213E+12
The Astrology of Film,"Bill Streett, Jeffrey Kishner",7.84,iUniverse,218,"Biography , Autobiography",9.78213E+12
"Soulsville, U.S.A.: The Story of Stax Records",Rob Bowman,7.13,Omnibus Press,416,Music,9.78213E+12
Three Classic Thrillers 3-Book Bundle,John Grisham,43.28,Dell,1744,Fiction,9.78213E+12
"Fisher, Churchill and the Dardanelles",Geoffrey Penn,26.15,Leo Cooper Books,280,"Biography , Autobiography",9.78213E+12
Literary Readings of Billy Wilder,Georges-Claude Guilbert,133.85,Cambridge Scholars Publishing,215,Performing Arts,9.78213E+12
Love Inspired Suspense December 2014 - Box Set 1 of 2,"Shirlee McCoy, Sharon Dunn, Alison Stone",26.15,Harlequin,224,Fiction,9.78213E+12
L.A. Rex,Will Beall,28.54,Penguin,400,Fiction,9.78213E+12
Cold Case Justice,Sharon Dunn,29.29,Harlequin,224,Fiction,9.78213E+12
Sammy Keyes and the Night of Skulls,Wendelin Van Draanen,15.82,Knopf Books for Young Readers,320,Juvenile Fiction,9.78213E+12
Mastering Windows XP Home Edition,Hart-Davis,36.79,"John Wiley , Sons",1009,Computers,9.78214E+12
Special Edition Using Filemaker 8,"Steve Lane, Scott Love, Bob Bowers",50.25,Que Publishing,890,Computers,9.78214E+12
Knowledge-Based Intelligent Information and Engineering Systems,Bruno Apolloni,41.82,Springer,882,Computers,9.78214E+12
Alan Simpsons Windows Vista Bible,"Alan Simpson, Bradley L. Jones",43.28,"John Wiley , Sons",860,Computers,9.78214E+12
How to Do Everything with Windows Vista,Curt Simmons,19.28,McGraw Hill Professional,384,Computers,9.78214E+12
"MICROPROCESSORS, PC HARDWARE AND INTERFACING",N. MATHIVANAN,14.96,PHI Learning Pvt. Ltd.,340,Computers,9.78214E+12
Asset Protection through Security Awareness,Tyler Justin Speed,27.53,CRC Press,337,"Business , Economics",9.78214E+12
Happiness Key,Emilie Richards,7.5,MIRA,400,Fiction,9.78214E+12
Three Prescriptions for Happiness,"Ken Keyes, Jr.",33.42,Axios Press,126,Self-Help,9.78214E+12
Handbook of Research Methods and Applications in Happiness and Quality of Life,"Luigino Bruni, Pier Luigi Porta",43.28,Edward Elgar Publishing,552,"Business , Economics",9.78214E+12
Milton and This Pendant World,George W. Whiting,14.96,University of Texas Press,282,Literary Criticism,9.78215E+12
All for the Union,Elisha Hunt Rhodes,32.51,Vintage,272,History,9.78215E+12
The Keyed Bugle,Ralph Thomas Dudgeon,24.94,Scarecrow Press,370,Music,9.78215E+12
Network-Aware Security for Group Communications,"Yan Sun, Wade Trappe, K. J. Ray Liu",56.14,"Springer Science , Business Media",304,"Technology , Engineering",9.78215E+12
Bluescreen Compositing,John Jackman,66.9,"Taylor , Francis",248,Performing Arts,9.78215E+12
"Advances in Computing and Communications, Part IV","Ajith Abraham, Jaime Lloret Mauri, John Buford, Junichi Suzuki, Sabu M. Thampi",23.4,Springer,624,Computers,9.78215E+12
Basic Blueprint Reading and Sketching,"Thomas P. Olivo, C. Thomas Olivo",62.1,Cengage Learning,256,"Technology , Engineering",9.78215E+12
Basic TV Technology,Robert L Hartwig,98.42,CRC Press,208,Performing Arts,9.78215E+12
The Gamification of Work,Emmanuelle Savignac,20.51,"John Wiley , Sons",198,"Business , Economics",9.78215E+12
Current Policies and Practices in European Social Anthropology Education,"Drackle Dorle, Dorle DracklÃ©, Iain R. Edgar, Thomas K. Schippers",55.47,Berghahn Books,260,Education,9.78215E+12
Human Development in the Indian Context,Margaret Khalakdina,39.34,SAGE Publications India,392,"Business , Economics",9.78216E+12
Key Debates in Anthropology,Tim Ingold,47.78,Routledge,320,Social Science,9.78216E+12
Social Adaptation to Food Stress,Paul E. Minnis,7.84,University of Chicago Press,239,Social Science,9.78216E+12
Karma,"Charles F. Keyes, E. Valentine Daniel",35.4,Univ of California Press,313,Religion,9.78216E+12
Anthropological Practice,Judith Okely,23.85,Berg,224,Social Science,9.78216E+12
Applications of Anthropology,Sarah Pink,39.34,Berghahn Books,256,Social Science,9.78216E+12
The Play of Daniel Keyes Flowers for Algernon,"Bert Coules, Daniel Keyes",18.72,Heinemann,128,English drama,9.78216E+12
The Southern Frontier 1670-1732,Verner Crane,78.73,University of Alabama Press,391,History,9.78216E+12
Apple parers,Don Thornton,29.9,"Thornton House Pub , Graphics",239,"Antiques , Collectibles",9.78216E+12
Apple TV Portable Genius,Guy Hart-Davis,59.03,"John Wiley , Sons",288,Computers,9.78216E+12
Advances in Cryptology â€?EUROCRYPT 2001,Birgit Pfitzmann,66.87,Springer,544,Computers,9.78217E+12
"Huffed Masculinity. The Female Threat in Cains ""Double Indemnity""",Stephan Riedl,42.16,GRIN Verlag,17,Literary Criticism,9.78217E+12
Teaching Students with Mental Retardation,Deanna J. Sands,9,Paul H Brookes Publishing Company,308,Education,9.78217E+12
Human Motivation and Interpersonal Relationships,Netta Weinstein,35.44,"Springer Science , Business Media",360,Psychology,9.78217E+12
Capitol Threat,William Bernhardt,49.92,Ballantine Books,400,Fiction,9.78217E+12
Outrageous fortune,Roger Keyes,51.16,"David , Charles",521,"Biography , Autobiography",9.78217E+12
Film Noir,"Alain Silver, James Ursini",62.1,Taschen,191,Art,9.78217E+12
Henry Wilson and the Coming of the Civil War,John L. Myers,98.42,University Press of Amer,565,"Biography , Autobiography",9.78217E+12
Language Planning Processes,Rubin Jernudd,74.99,Walter de Gruyter,285,"Language Arts , Disciplines",9.78217E+12
Sexual Symmetry,David Konstan,78.72,Princeton University Press,286,History,9.78217E+12
Beginning Blender,Lance Flavell,29.4,Apress,448,Computers,9.78218E+12
Molecular Symmetry and Spectroscopy,"Philip R. Bunker, Per Jensen",14.29,NRC Research Press,752,Molecular spectra,9.78218E+12
Acta Numerica 1994:,Arieh Iserles,33.42,Cambridge University Press,578,Mathematics,9.78218E+12
"Grief Counseling and Grief Therapy, Fifth Edition","J. William Worden, PhD, ABPP",3.9,Springer Publishing Company,352,Social Science,9.78218E+12
Advanced Practice Nursing in the Care of Older Adults,"Laruie Kennedy-Malone, Lori Martin-Plank, Evelyn Duffy",88.06,F.A. Davis,544,Medical,9.78218E+12
Small Treasons,Mark Powell,39.34,Simon and Schuster,384,Fiction,9.78218E+12
Sammy Keyes and the Power of Justice Jack,Wendelin Van Draanen,55.47,Knopf Books for Young Readers,304,Juvenile Fiction,9.78218E+12
Arranging Grief,Dana Luciano,24.6,NYU Press,345,Literary Criticism,9.78218E+12
Principles and Practice of Grief Counseling,"Howard R. Winokuer, PhD, Darcy L. Harris, PhD, FT",30.71,Springer Publishing Company,256,Social Science,9.78218E+12
"Transforming Engagement, Happiness and Well-Being","William Scott-Jackson, Andrew Mayo",96.12,Springer,255,"Business , Economics",9.78218E+12
"The Army of the Potomac: Birth of command, November 1860-September 1861",Russel Harrison Beatie,46.85,Da Capo Press,676,History,9.78219E+12
The Army of the Potomac,Russell H. Beatie,98.42,Da Capo Press,676,History,9.78219E+12
Sammy Keyes and the Hollywood Mummy,Wendelin Van Draanen,18.72,Yearling,288,Juvenile Fiction,9.78219E+12
Beauty and Sadness,Yasunari Kawabata,59.03,Vintage,224,Fiction,9.78219E+12
Translocal Geographies,"Katherine Brickell, Ayona Datta",93.75,"Ashgate Publishing, Ltd.",226,Social Science,9.78219E+12
International Monetary Fund Annual Report 2007,International Monetary Fund,33.14,International Monetary Fund,54,"Business , Economics",9.78219E+12
Genetics of Psychological Well-Being,Michael Pluess,15.19,OUP Oxford,296,Psychology,9.78219E+12
Encyclopedia of Genetics,Eric C.R. Reeve,71.63,Routledge,972,Reference,9.78219E+12
Compendium of Problems in Genetics,"John Kuspira, Ramesh Bhambhani",118.11,William C Brown Pub,362,Science,9.78219E+12
Cardiovascular Genetics and Genomics in Clinical Practice,"Donna K. Arnett, PhD, Sanjiv J. Shah, MD",27.53,Demos Medical Publishing,246,Medical,9.78219E+12
"Reproductive Genetics, Gender and the Body",Elizabeth Ettorre,49.58,Routledge,168,Medical,9.7822E+12
Invisible Master,Leo Lyon Zagami,15.72,CCC Publishing,304,"Body, Mind , Spirit",9.7822E+12
Enochian Magic for Beginners,Donald Tyson,31.46,Llewellyn Worldwide,384,"Body, Mind , Spirit",9.7822E+12
The Mexican American and the Law,Carlos E. Cortes,94.48,New York : Arno Press,142,Social Science,9.7822E+12
Man of the Mist,Elizabeth Mayne,31.46,Harlequin,304,Fiction,9.7822E+12
A Historical Guide to Henry David Thoreau,William E. Cain,14.96,Oxford University Press,304,Literary Criticism,9.7822E+12
Soul to soul,Mary Keyes Burgess,29.21,Woodbridge Press Publishing Company,158,Cooking,9.7822E+12
The Science of the Soul in Colonial New England,Sarah Rivett,39.34,UNC Press Books,384,History,9.7822E+12
Kahlil Gibran,"Jean Gibran, Kahlil Gibran",72.16,Interlink Publishing Group Incorporated,456,"Biography , Autobiography",9.7822E+12
How to Teach Meditation to Children,"David Fontana, Ingrid Slack",50.25,Duncan Baird Publishers,224,"Body, Mind , Spirit",9.7822E+12
Human Rights in Thailand,Don F. Selby,11.78,University of Pennsylvania Press,256,Political Science,9.78221E+12
Thailands International Meditation Centers,Brooke Schedneck,4.17,Routledge,198,Social Science,9.78221E+12
Collected poems,"Sidney Keyes, Michael Leverson Meyer",11.78,Carcanet Press Ltd.,135,Poetry,9.78221E+12
Astral Travel,"Gavin Frost, Yvonne Frost",26.51,Motilal Banarsidass Publ.,240,Astral projection,9.78221E+12
Meditation For Dummies,Stephan Bodian,70.85,"John Wiley , Sons",384,"Body, Mind , Spirit",9.78221E+12
Yoga and Science in Pain Care,"Neil Pearson, Shelly Prosko, Marlysa Sullivan",51.16,Singing Dragon,312,"Health , Fitness",9.78221E+12
Anatomy of Hatha Yoga,David Coulter,66.87,Motilal Banarsidass Publ.,623,Hatha yoga,9.78221E+12
Building a Dune Buggy - The Essential Manual,Paul Shakespeare,3.9,Veloce Publishing Ltd,144,Transportation,9.78221E+12
The Color Correction Handbook,Alexis Van Hurkman,33.72,Pearson Education,544,Computers,9.78221E+12
The Art and Science of Digital Compositing,Ron Brinkmann,62.82,Morgan Kaufmann,704,Computers,9.78221E+12
The Reporter's Notebook,Dennis Bloodworth,29.9,Marshall Cavendish International Asia Pte Ltd,483,Travel,9.78222E+12
Directory of Foreign Manufacturers in the United States,"Jeffrey S Arpan, David A Ricks",47.78,Georgia State University Business Press,419,"Technology , Engineering",9.78222E+12
Lets Draw Manga,"Makoto Nakajima, Big Mouth Factory",18.72,"Digital Manga, Inc.",131,Art,9.78222E+12
Manga,Toni Johnson-Woods,29.9,Bloomsbury Publishing USA,368,Literary Criticism,9.78222E+12
"Comics, Manga, and Graphic Novels",Robert S. Petersen,86.45,ABC-CLIO,274,"Comics , Graphic Novels",9.78222E+12
Manga for the Beginner Shoujo,Christopher Hart,59.03,Watson-Guptill,192,Art,9.78222E+12
"Watching Anime, Reading Manga",Fred Patten,98.42,"Stone Bridge Press, Inc.",383,Performing Arts,9.78222E+12
Manga from the Floating World,Adam L. Kern,39.34,Harvard Univ Council on East Asian,567,Design,9.78222E+12
"Global Children, Global Media","D. Buckingham, Liesbeth de Block",4.43,Springer,222,Social Science,9.78222E+12
Ideas que pegan,"Chip Heath, Dan Heath",55.1,LID Editorial,260,"Business , Economics",9.78222E+12
Cyber Ireland,C. Lynch,38.44,Springer,178,Social Science,9.78223E+12
Creating High-quality Classroom Assignments,Lindsay Clare Matsumura,43.36,"R,L Education",155,Education,9.78223E+12
Made to Stick,"Chip Heath, Dan Heath",59.03,Random House,336,"Business , Economics",9.78223E+12
The Shining Wall,Melissa Ferguson,73.67,Transit Lounge ,298,Fiction,9.78223E+12
Programming Android,"Zigurd Mednieks, Laird Dornin, G. Blake Meike, Masumi Nakamura",43.28,"""OReilly Media, Inc.""",504,Computers,9.78223E+12
Raspberry Pi Android Projects,Gokhan Kurt,43.28,Packt Publishing Ltd,138,Computers,9.78223E+12
How to Build an Android,David F. Dufty,31.46,Henry Holt and Company,288,"Technology , Engineering",9.78223E+12
Unlocking Android,"W. Frank Ableson, Charlie E. Collins, Robi Sen",33.38,Manning Publications,392,Computers,9.78223E+12
Stranger in a Strange Land,Robert A. Heinlein,33.42,Penguin,448,Fiction,9.78223E+12
iPhone: The Missing Manual,David Pogue,73.67,"""OReilly Media, Inc.""",376,Computers,9.78223E+12
Beginning iPhone Development,"Jack Nutting, Fredrik Olsson, David Mark, Jeff LaMarche, Kim Topley",39.34,Apress,771,Computers,9.78224E+12
Beginning iPhone Development with Swift,"Kim Topley, Fredrik Olsson, Jack Nutting, David Mark, Jeff LaMarche",78.73,Apress,828,Computers,9.78224E+12
Beginning iPhone Development with Swift 3,"Molly Maskrey, Kim Topley, David Mark, Fredrik Olsson, JEFF LAMARCHE",73.92,Apress,774,Computers,9.78224E+12
Beginning iPhone Development with Swift 4,Molly K. Maskrey,71.63,Apress,552,Computers,9.78224E+12
Beginning iPhone 4 Development,"David Mark, Jeff LaMarche, Jack Nutting",55.1,Apress,676,Computers,9.78224E+12
iPhone Advanced Projects,"David Mark, Dylan Bruzenak, Joachim Bondo, Owen Goss, Peter Honeder, Ray Kiddy, Steve Finkelstein, Tom Harrington, Jonathan Saggau, Noel Llopis, Ben Smith, Joe Pezzillo, Florian Pflug, Roderick Smith",98.42,Apress,392,Computers,9.78224E+12
IPhone Fully Loaded,Andy Ihnatko,8.85,"John Wiley , Sons",272,Computers,9.78224E+12
The Collector,Scott Wittenburg,70.7,Lulu.com,347,Fiction,9.78224E+12
Android Mobile Computing Using Samsung Tablets and Smartphones Running Android 2.3,Rene Djurup,55.17,Rebidu,375,Computers,9.78224E+12
My Samsung Galaxy S5,Steve Schwartz,41.82,Que Publishing,656,Computers,9.78224E+12
My Samsung Galaxy S 4,Steve Schwartz,41.82,Que Publishing,544,Computers,9.78225E+12
My Samsung Galaxy Tab 4,"Eric Butow, Lonzell Watson",43.28,Que Publishing,496,Computers,9.78225E+12
How to Do Everything Samsung Galaxy Tab,Guy Hart-Davis,53.11,McGraw Hill Professional,336,Computers,9.78225E+12
The PC and Gadget Help Desk,Mark Edward Soper,20,Que Publishing,696,Computers,9.78225E+12
Android Tips and Tricks,Guy Hart-Davis,30.3,Que Publishing,544,Computers,9.78225E+12
Teach Yourself VISUALLY Android Phones and Tablets,"Paul McFedries, Guy Hart-Davis",71.63,"John Wiley , Sons",320,Computers,9.78225E+12
"The Healthy PC: Preventive Care, Home Remedies, and Green Computing, 2nd Edition",Guy Hart-Davis,27.53,McGraw Hill Professional,304,Computers,9.78225E+12
Bullying in North American Schools,"Dorothy L. Espelage, Susan M. Swearer",19.65,Routledge,336,Education,9.78225E+12
Methods in Immunotoxicology,"Gary R. Burleson, Jack H. Dean, Albert E. Munson",56,Wiley-Liss,552,Medical,9.78225E+12
Criminology Goes to the Movies,"Nicole Rafter, Michelle Brown",46.88,NYU Press,236,Law,9.78225E+12
Tyler Perry,Janice D. Hamlet,28.61,Univ. Press of Mississippi,136,Performing Arts,9.78226E+12
Costume Design in the Movies,Elizabeth Leese,19.65,Courier Corporation,176,"Antiques , Collectibles",9.78226E+12
Godzilla: King of the Monsters - the Official Movie Novelisation,Greg Keyes,39.34,Titan Books,325,Fiction,9.78226E+12
"Billy Wilder, American Film Realist",Richard Armstrong,6.64,McFarland,172,Performing Arts,9.78226E+12
A Divided World,Nick Smedley,71.63,Intellect Books,282,Performing Arts,9.78226E+12
Dark cinema,Jon Tuska,88.69,Praeger Pub Text,305,"Language Arts , Disciplines",9.78226E+12
Magills Cinema Annual,Frank Northen Magill,42.26,Gale / Cengage Learning,690,Performing Arts,9.78226E+12
Success in the Cinema MoneyMaking Movies,John Howard Reid,55.09,Lulu.com,272,Performing Arts,9.78226E+12
Hollywoods dark cinema,R. Barton Palmer,36.79,Twayne Pub,206,Performing Arts,9.78226E+12
Cinema as Weather,Kristi McKim,29.55,Routledge,217,Art,9.78226E+12
"Science-fiction , Fantasy Cinema",John Howard Reid,74.78,Lulu.com,320,Performing Arts,9.78227E+12
Cinema of Obsession,"Dominique Mainon, James Ursini",4.43,Hal Leonard Corporation,392,Performing Arts,9.78227E+12
The Digital Hand,James W. Cortada,71.63,Oxford University Press,629,"Business , Economics",9.78227E+12
X Internet,Jessica Keyes,52.54,CRC Press,416,Computers,9.78227E+12
Internet Management,Jessica Keyes,62.1,CRC Press,776,Computers,9.78227E+12
How to be a Successful Internet Consultant,Jessica Keyes,8.7,Computing McGraw-Hill,435,"Business , Economics",9.78227E+12
Datacasting,Jessica Keyes,66.91,McGraw-Hill Companies,555,Computers,9.78227E+12
Security Technologies for the World Wide Web,Rolf Oppliger,31.46,Artech House,416,Computers,9.78227E+12
Web Services,Liang-Jie Zhang,71.63,"Springer Science , Business Media",303,Computers,9.78227E+12
Going Global: An Information Sourcebook for Small and Medium-sized Businesses,Susan C. Awe,39.34,Libraries Unlimited,265,"Language Arts , Disciplines",9.78227E+12
Quantum Roots,Kyle Keyes,98.42,Createspace Independent Pub,262,Fiction,9.78228E+12
Foundations of Quantum Mechanics in the Light of New Technology,Sadao Nakajima,32.36,World Scientific,482,Science,9.78228E+12
Advances in Cryptology,Alexandra Boldyreva,59.03,Springer,606,Cryptography,9.78228E+12
"Casenote Legal Briefs for Contracts, Keyed to Crandall and Whaley",Casenote Legal Briefs,32.1,"Wolters Kluwer Law , Business",160,Law,9.78228E+12
Chaos in Classical and Quantum Mechanics,Martin C. Gutzwiller,4.17,"Springer Science , Business Media",432,Mathematics,9.78228E+12
Quantum Mechanics with Applications to Nanotechnology and Information Science,"Yehuda B. Band, Yshai Avishai",23.59,Academic Press,992,Science,9.78228E+12
Molecular Modeling and Theory in Chemical Engineering,"James Wei, Morton M. Denn, John H. Seinfeld, Arup Chakraborty, Jackie Ying, Nicholas Peppas, George Stephanopoulos",69.24,Elsevier,493,"Technology , Engineering",9.78228E+12
Concepts of Chemical Engineering 4 Chemists,Stefaan J. R. Simons,47.22,Royal Society of Chemistry,350,"Technology , Engineering",9.78228E+12
Sources of Engineering Information,Blanche Harris Dalton,33.42,Univ of California Press,109,Engineering,9.78228E+12
Queer Ecologies,"Catriona Mortimer-Sandilands, Bruce Erickson",38.33,Indiana University Press,424,Philosophy,9.78228E+12
"Nimble, Focused, Feisty",Sara Roberts,29.4,BenBella Books,336,"Business , Economics",9.78229E+12
Writers for young adults,Adele Sarkissian,66.87,Gale Cengage,199,Literary Criticism,9.78229E+12
Light Absorption of Organic Colorants,"J. Fabian, H. Hartmann",11.78,"Springer Science , Business Media",248,Science,9.78229E+12
"Fashion, Work, and Politics in Modern France",S. Zdatny,34.58,Springer,325,"Business , Economics",9.78229E+12
Cloth in West African History,Colleen E. Kriger,66.12,Rowman Altamira,214,History,9.78229E+12
Sammy Keyes and the Dead Giveaway,Wendelin Van Draanen,33.83,Yearling,304,Juvenile Fiction,9.78229E+12
H.A.L.O,Derek Hart,39.34,iUniverse,252,Fiction,9.78229E+12
Campaign 2000,William L. Benoit,35.41,"Rowman , Littlefield Pub Inc",286,"Language Arts , Disciplines",9.78229E+12
Race and Ethnicity in America: From Pre-contact to the Present 4 volumes,"Russell M. Lawson, Benjamin A. Lawson",11.21,ABC-CLIO,1360,History,9.78229E+12
Arid Land Geom: Geom Crit Conc,David Evans,81.87,Routledge,544,Reference,9.7823E+12
